123,Main Street
456,Church Street
7878,Main Street North
5698,Main Street South
23,Elm Street
1111,High Street
2334,Main Street West
5609,Washington Street
4073,Main Street East
4332,Park Avenue
4592,Walnut Street
4852,2nd Street
5112,Chestnut Street
5371,Maple Avenue
5631,Maple Street
5891,Broad Street
6150,Oak Street
6410,Center Street
6670,Pine Street
6930,River Road
7189,Market Street
7449,Water Street
7709,South Street
7968,Union Street
8228,3rd Street
8488,Park Street
8748,Cherry Street
9007,Washington Avenue
9267,4th Street
9527,Court Street
9786,Highland Avenue
10046,North Street
10306,Mill Street
10566,Franklin Street
10825,Prospect Street
11085,School Street
11345,Spring Street
11604,Central Avenue
11864,1st Street
12124,State Street
12384,Front Street
12643,West Street
12903,Jefferson Street
13163,Cedar Street
13422,Jackson Street
13682,Park Place
13942,Bridge Street
14202,Locust Street
14461,Madison Avenue
14721,Meadow Lane
14981,Ridge Road
15240,Spruce Street
15500,5th Street
15760,Grove Street
16020,Pearl Street
16279,Lincoln Street
16539,Dogwood Drive
16799,Madison Street
17058,Pennsylvania Avenue
17318,Pleasant Street
17578,4th Street West
17838,Adams Street
18097,Jefferson Avenue
18357,Lincoln Avenue
18617,3rd Street West
18876,7th Street
19136,Academy Street
19396,11th Street
19656,2nd Avenue
19915,East Street
20175,Green Street
20435,Hickory Lane
20694,Route 1
20954,12th Street
21214,5th Avenue
21474,6th Street
21733,9th Street
21993,Cherry Lane
22253,Elizabeth Street
22512,Hill Street
22772,River Street
23032,Summit Avenue
23292,Virginia Avenue
23551,10th Street
23811,Charles Street
24071,Colonial Drive
24330,1st Avenue
24590,Fairway Drive
24850,Liberty Street
25110,Monroe Street
25369,Valley Road
25629,2nd Street West
25889,3rd Avenue
26148,Broadway
26408,Church Road
26668,Delaware Avenue
26928,Route 30
27187,Sunset Drive
27447,Vine Street
27707,Winding Way
